timestamp,symbol,price
2025-08-01 00:17:27,BTCUSDT,115598.00
2025-08-01 00:17:37,BTCUSDT,115604.29
2025-08-01 00:17:48,BTCUSDT,115606.02
2025-08-01 00:17:58,BTCUSDT,115629.37
2025-08-01 00:18:08,BTCUSDT,115704.72
2025-08-01 00:18:18,BTCUSDT,115724.13
2025-08-01 00:18:29,BTCUSDT,115757.89
2025-08-01 00:18:39,BTCUSDT,115718.01
2025-08-01 01:13:35,BTCUSDT,114800.00
2025-08-01 01:13:45,BTCUSDT,114774.10
2025-08-01 01:13:55,BTCUSDT,114795.60
2025-08-01 01:14:06,BTCUSDT,114770.40
2025-08-01 01:14:16,BTCUSDT,114713.53
2025-08-01 01:14:26,BTCUSDT,114682.10
2025-08-01 01:14:36,BTCUSDT,114654.03
2025-08-01 01:14:47,BTCUSDT,114645.95
2025-08-01 01:14:57,BTCUSDT,114655.70
2025-08-01 01:15:07,BTCUSDT,114730.00
2025-08-01 01:15:17,BTCUSDT,114826.70
2025-08-01 01:15:27,BTCUSDT,114724.24
2025-08-01 01:15:38,BTCUSDT,114733.74
2025-08-01 01:15:48,BTCUSDT,114782.00
2025-08-01 01:15:58,BTCUSDT,114795.73
2025-08-01 01:16:09,BTCUSDT,114796.76
2025-08-01 01:16:19,BTCUSDT,114764.00
2025-08-01 01:16:29,BTCUSDT,114831.13
2025-08-01 01:16:39,BTCUSDT,114943.99
2025-08-01 01:16:50,BTCUSDT,114879.85
2025-08-01 01:17:00,BTCUSDT,114848.00
2025-08-01 01:17:10,BTCUSDT,114827.99
2025-08-01 01:17:20,BTCUSDT,114859.11
2025-08-01 01:17:31,BTCUSDT,114775.14
2025-08-01 01:17:41,BTCUSDT,114817.20
2025-08-01 01:17:51,BTCUSDT,114775.14
2025-08-01 01:18:01,BTCUSDT,114780.00
2025-08-01 01:18:11,BTCUSDT,114762.69
2025-08-01 01:18:22,BTCUSDT,114732.00
2025-08-01 01:18:32,BTCUSDT,114852.00
2025-08-01 01:18:42,BTCUSDT,114887.35
2025-08-01 01:18:52,BTCUSDT,114919.99
2025-08-01 01:19:03,BTCUSDT,114890.68
2025-08-01 01:19:13,BTCUSDT,114957.56
2025-08-01 01:19:23,BTCUSDT,114982.00
2025-08-01 01:19:33,BTCUSDT,114920.01
2025-08-01 01:19:43,BTCUSDT,114946.00
2025-08-01 01:19:54,BTCUSDT,114869.42
2025-08-01 01:20:04,BTCUSDT,114917.21
2025-08-01 01:20:14,BTCUSDT,114935.26
2025-08-01 01:20:24,BTCUSDT,115048.49
2025-08-01 01:20:35,BTCUSDT,115048.36
2025-08-01 01:20:45,BTCUSDT,115109.06
2025-08-01 01:20:55,BTCUSDT,115145.34
2025-08-01 01:21:06,BTCUSDT,115056.49
2025-08-01 01:21:16,BTCUSDT,115063.50
2025-08-01 01:21:26,BTCUSDT,114980.01
2025-08-01 01:21:36,BTCUSDT,115011.46
2025-08-01 01:21:47,BTCUSDT,115086.26
2025-08-01 01:21:57,BTCUSDT,115139.51
2025-08-01 01:22:07,BTCUSDT,115093.15
2025-08-01 01:22:17,BTCUSDT,115016.62
2025-08-01 01:22:28,BTCUSDT,115016.63
2025-08-01 01:22:38,BTCUSDT,115070.56
2025-08-01 01:22:48,BTCUSDT,115044.00
2025-08-01 01:22:59,BTCUSDT,115042.54
2025-08-01 01:23:09,BTCUSDT,115067.09
2025-08-01 01:23:19,BTCUSDT,114996.48
2025-08-01 01:23:29,BTCUSDT,114941.42
2025-08-01 01:23:39,BTCUSDT,115001.00
2025-08-01 01:23:50,BTCUSDT,115018.67
2025-08-01 01:24:00,BTCUSDT,115091.42
2025-08-01 01:24:10,BTCUSDT,115143.44
2025-08-01 01:24:20,BTCUSDT,115156.85
2025-08-01 01:24:30,BTCUSDT,115150.00
2025-08-01 01:24:41,BTCUSDT,115177.98
2025-08-01 01:24:51,BTCUSDT,115190.41
2025-08-01 01:25:01,BTCUSDT,115120.22
2025-08-01 01:25:11,BTCUSDT,115141.29
2025-08-01 01:25:22,BTCUSDT,115160.00
2025-08-01 01:25:32,BTCUSDT,115150.00
2025-08-01 01:25:42,BTCUSDT,115184.99
2025-08-01 01:25:52,BTCUSDT,115201.77
2025-08-01 01:26:02,BTCUSDT,115171.90
2025-08-01 01:26:13,BTCUSDT,115120.01
2025-08-01 01:26:23,BTCUSDT,115122.72
2025-08-01 01:26:34,BTCUSDT,115134.57
2025-08-01 01:26:44,BTCUSDT,115137.50
2025-08-01 01:26:54,BTCUSDT,115121.99
2025-08-01 01:27:04,BTCUSDT,115156.01
2025-08-01 01:27:14,BTCUSDT,115191.69
2025-08-01 01:27:25,BTCUSDT,115219.99
2025-08-01 01:27:35,BTCUSDT,115200.00
2025-08-01 01:27:45,BTCUSDT,115222.95
2025-08-01 01:27:55,BTCUSDT,115193.99
2025-08-01 01:28:06,BTCUSDT,115229.93
2025-08-01 01:28:16,BTCUSDT,115249.99
2025-08-01 01:28:26,BTCUSDT,115266.25
2025-08-01 01:28:37,BTCUSDT,115264.57
2025-08-01 01:28:47,BTCUSDT,115250.76
2025-08-01 01:28:57,BTCUSDT,115261.19
2025-08-01 01:29:07,BTCUSDT,115230.96
2025-08-01 01:29:18,BTCUSDT,115195.13
2025-08-01 01:29:28,BTCUSDT,115199.99
2025-08-01 01:29:38,BTCUSDT,115190.01
2025-08-01 01:29:48,BTCUSDT,115190.01
2025-08-01 01:29:58,BTCUSDT,115190.37
2025-08-01 01:30:09,BTCUSDT,115218.71
2025-08-01 01:30:19,BTCUSDT,115208.00
2025-08-01 01:30:29,BTCUSDT,115182.67
2025-08-01 01:30:39,BTCUSDT,115060.95
2025-08-01 01:30:50,BTCUSDT,115057.26
2025-08-01 01:31:00,BTCUSDT,115040.00
2025-08-01 01:31:10,BTCUSDT,115011.46
2025-08-01 01:31:21,BTCUSDT,115045.11
2025-08-01 01:31:31,BTCUSDT,115082.30
2025-08-01 01:31:41,BTCUSDT,115060.85
2025-08-01 01:31:51,BTCUSDT,115101.79
2025-08-01 01:32:02,BTCUSDT,115166.41
2025-08-01 01:32:12,BTCUSDT,115130.03
2025-08-01 01:32:22,BTCUSDT,115157.78
2025-08-01 01:32:32,BTCUSDT,115156.92
2025-08-01 01:32:42,BTCUSDT,115135.79
2025-08-01 01:32:53,BTCUSDT,115107.60
2025-08-01 01:33:03,BTCUSDT,115078.05
2025-08-01 01:33:13,BTCUSDT,115096.28
2025-08-01 01:33:23,BTCUSDT,115101.83
2025-08-01 01:33:34,BTCUSDT,115096.00
2025-08-01 01:33:44,BTCUSDT,115093.08
2025-08-01 01:33:54,BTCUSDT,115117.36
2025-08-01 01:34:04,BTCUSDT,115120.00
2025-08-01 01:34:14,BTCUSDT,115126.00
2025-08-01 01:34:25,BTCUSDT,115135.59
2025-08-01 01:34:35,BTCUSDT,115135.59
2025-08-01 01:34:45,BTCUSDT,115159.54
2025-08-01 01:34:55,BTCUSDT,115181.15
2025-08-01 01:35:06,BTCUSDT,115188.83
2025-08-01 01:35:16,BTCUSDT,115164.56
2025-08-01 01:35:26,BTCUSDT,115153.71
2025-08-01 01:35:36,BTCUSDT,115114.00
2025-08-01 01:35:46,BTCUSDT,115184.14
2025-08-01 01:35:57,BTCUSDT,115227.62
2025-08-01 01:36:07,BTCUSDT,115235.97
2025-08-01 01:36:17,BTCUSDT,115291.08
2025-08-01 01:36:27,BTCUSDT,115296.83
2025-08-01 01:36:38,BTCUSDT,115356.67
2025-08-01 01:36:48,BTCUSDT,115328.38
2025-08-01 01:36:58,BTCUSDT,115360.52
2025-08-01 01:37:08,BTCUSDT,115388.01
2025-08-01 01:37:18,BTCUSDT,115400.00
2025-08-01 01:37:29,BTCUSDT,115399.56
2025-08-01 01:37:39,BTCUSDT,115386.98
2025-08-01 01:37:49,BTCUSDT,115399.55
2025-08-01 01:37:59,BTCUSDT,115337.44
2025-08-01 01:38:10,BTCUSDT,115291.77
2025-08-01 01:38:20,BTCUSDT,115291.80
2025-08-01 01:38:30,BTCUSDT,115227.10
2025-08-01 01:38:40,BTCUSDT,115281.43
2025-08-01 01:38:50,BTCUSDT,115272.00
2025-08-01 01:39:01,BTCUSDT,115318.48
2025-08-01 01:39:11,BTCUSDT,115318.48
TEST_TIMESTAMP,TESTSYM,999.99
2025-08-01 01:39:21,BTCUSDT,115274.37
2025-08-01 01:39:31,BTCUSDT,115264.67
2025-08-01 01:39:42,BTCUSDT,115170.40
2025-08-01 01:39:52,BTCUSDT,115150.55
2025-08-01 01:40:02,BTCUSDT,115200.00
2025-08-01 01:40:12,BTCUSDT,115215.93
2025-08-01 01:40:22,BTCUSDT,115255.66
2025-08-01 01:40:33,BTCUSDT,115245.53
2025-08-01 01:40:43,BTCUSDT,115258.30
2025-08-01 01:40:53,BTCUSDT,115247.75
2025-08-01 01:41:03,BTCUSDT,115207.23
2025-08-01 01:41:14,BTCUSDT,115207.03
2025-08-01 01:41:24,BTCUSDT,115194.31
2025-08-01 01:41:34,BTCUSDT,115190.00
2025-08-01 01:41:44,BTCUSDT,115240.00
2025-08-01 01:41:54,BTCUSDT,115251.90
2025-08-01 01:42:05,BTCUSDT,115276.00
2025-08-01 01:42:15,BTCUSDT,115281.49
2025-08-01 01:42:26,BTCUSDT,115268.81
2025-08-01 01:42:36,BTCUSDT,115281.17
2025-08-01 01:42:46,BTCUSDT,115310.03
2025-08-01 01:42:56,BTCUSDT,115333.71
2025-08-01 01:43:06,BTCUSDT,115314.24
2025-08-01 01:43:17,BTCUSDT,115297.62
2025-08-01 01:43:27,BTCUSDT,115269.63
2025-08-01 01:43:37,BTCUSDT,115245.27
2025-08-01 01:43:47,BTCUSDT,115251.19
2025-08-01 01:43:58,BTCUSDT,115290.40
2025-08-01 01:44:08,BTCUSDT,115333.27
2025-08-01 01:44:18,BTCUSDT,115322.01
2025-08-01 01:44:28,BTCUSDT,115326.47
2025-08-01 01:44:38,BTCUSDT,115326.47
2025-08-01 01:44:49,BTCUSDT,115309.05
2025-08-01 01:44:59,BTCUSDT,115296.45
2025-08-01 01:45:09,BTCUSDT,115309.07
2025-08-01 01:45:20,BTCUSDT,115280.43
2025-08-01 01:45:30,BTCUSDT,115280.43
2025-08-01 01:45:40,BTCUSDT,115288.29
2025-08-01 01:45:50,BTCUSDT,115316.07
2025-08-01 01:46:01,BTCUSDT,115309.77
2025-08-01 01:46:11,BTCUSDT,115284.86
2025-08-01 01:46:21,BTCUSDT,115277.00
2025-08-01 01:46:31,BTCUSDT,115304.28
2025-08-01 01:46:41,BTCUSDT,115273.98
2025-08-01 01:46:52,BTCUSDT,115253.27
2025-08-01 01:47:02,BTCUSDT,115250.01
2025-08-01 01:47:12,BTCUSDT,115171.20
2025-08-01 01:47:23,BTCUSDT,115171.21
2025-08-01 01:47:33,BTCUSDT,115213.03
2025-08-01 01:47:43,BTCUSDT,115229.09
2025-08-01 01:47:53,BTCUSDT,115187.30
2025-08-01 01:48:04,BTCUSDT,115186.34
2025-08-01 01:48:14,BTCUSDT,115197.90
2025-08-01 01:48:25,BTCUSDT,115220.00
2025-08-01 01:48:35,BTCUSDT,115194.09
2025-08-01 01:48:45,BTCUSDT,115176.28
2025-08-01 01:48:55,BTCUSDT,115126.70
2025-08-01 01:49:05,BTCUSDT,115080.99
2025-08-01 01:49:16,BTCUSDT,115078.00
2025-08-01 01:49:26,BTCUSDT,115078.03
2025-08-01 01:49:36,BTCUSDT,115096.00
2025-08-01 01:49:46,BTCUSDT,115106.30
2025-08-01 01:49:57,BTCUSDT,115128.00
2025-08-01 01:50:07,BTCUSDT,115176.28
2025-08-01 01:50:17,BTCUSDT,115171.92
2025-08-01 01:50:27,BTCUSDT,115108.92
2025-08-01 01:50:37,BTCUSDT,115118.02
2025-08-01 01:50:48,BTCUSDT,115102.04
2025-08-01 01:50:58,BTCUSDT,115060.11
2025-08-01 01:51:08,BTCUSDT,115161.65
2025-08-01 01:51:18,BTCUSDT,115157.71
2025-08-01 01:51:28,BTCUSDT,115200.00
2025-08-01 01:51:39,BTCUSDT,115205.77
2025-08-01 01:51:50,BTCUSDT,115258.30
2025-08-01 01:52:00,BTCUSDT,115203.12
2025-08-01 01:52:10,BTCUSDT,115193.00
2025-08-01 01:52:20,BTCUSDT,115229.73
2025-08-01 01:52:30,BTCUSDT,115237.64
2025-08-01 01:52:41,BTCUSDT,115231.74
2025-08-01 01:52:51,BTCUSDT,115226.37
2025-08-01 01:53:01,BTCUSDT,115252.63
2025-08-01 01:53:11,BTCUSDT,115284.16
2025-08-01 01:53:22,BTCUSDT,115302.00
2025-08-01 01:53:32,BTCUSDT,115341.33
2025-08-01 01:53:42,BTCUSDT,115356.96
2025-08-01 01:53:52,BTCUSDT,115397.38
2025-08-01 01:54:03,BTCUSDT,115396.86
2025-08-01 01:54:13,BTCUSDT,115396.86
2025-08-01 01:54:23,BTCUSDT,115344.24
2025-08-01 01:54:33,BTCUSDT,115322.59
2025-08-01 01:54:43,BTCUSDT,115322.59
2025-08-01 01:54:54,BTCUSDT,115356.96
2025-08-01 01:55:04,BTCUSDT,115347.28
2025-08-01 01:55:14,BTCUSDT,115347.28
2025-08-01 01:55:24,BTCUSDT,115347.28
2025-08-01 01:55:35,BTCUSDT,115301.56
2025-08-01 01:55:45,BTCUSDT,115274.55
2025-08-01 01:55:55,BTCUSDT,115311.53
2025-08-01 01:56:05,BTCUSDT,115300.00
2025-08-01 01:56:15,BTCUSDT,115300.01
2025-08-01 01:56:26,BTCUSDT,115280.00
2025-08-01 01:56:36,BTCUSDT,115261.38
2025-08-01 01:56:46,BTCUSDT,115227.48
2025-08-01 01:56:56,BTCUSDT,115263.97
2025-08-01 01:57:07,BTCUSDT,115276.06
2025-08-01 01:57:17,BTCUSDT,115272.00
2025-08-01 01:57:27,BTCUSDT,115225.84
2025-08-01 01:57:37,BTCUSDT,115220.02
2025-08-01 01:57:47,BTCUSDT,115196.04
2025-08-01 01:57:58,BTCUSDT,115186.00
2025-08-01 01:58:08,BTCUSDT,115257.61
2025-08-01 01:58:19,BTCUSDT,115217.95
2025-08-01 01:58:29,BTCUSDT,115217.95
2025-08-01 01:58:39,BTCUSDT,115228.81
2025-08-01 01:58:49,BTCUSDT,115241.99
2025-08-01 01:58:59,BTCUSDT,115262.09
2025-08-01 01:59:10,BTCUSDT,115277.68
2025-08-01 01:59:20,BTCUSDT,115277.69
2025-08-01 01:59:30,BTCUSDT,115305.65
2025-08-01 01:59:40,BTCUSDT,115297.91
2025-08-01 01:59:51,BTCUSDT,115334.01
2025-08-01 02:00:01,BTCUSDT,115289.51
2025-08-01 02:00:11,BTCUSDT,115283.53
2025-08-01 02:00:21,BTCUSDT,115294.00
2025-08-01 02:00:31,BTCUSDT,115302.00
2025-08-01 02:00:42,BTCUSDT,115302.00
2025-08-01 02:00:52,BTCUSDT,115315.85
2025-08-01 02:01:02,BTCUSDT,115328.46
2025-08-01 02:01:12,BTCUSDT,115328.46
2025-08-01 02:01:23,BTCUSDT,115336.25
2025-08-01 02:01:33,BTCUSDT,115347.27
2025-08-01 02:01:43,BTCUSDT,115313.42
2025-08-01 02:01:53,BTCUSDT,115330.33
2025-08-01 02:02:03,BTCUSDT,115292.66
2025-08-01 02:02:14,BTCUSDT,115281.71
2025-08-01 02:02:24,BTCUSDT,115281.72
2025-08-01 02:02:34,BTCUSDT,115300.00
2025-08-01 02:02:44,BTCUSDT,115322.18
2025-08-01 02:02:55,BTCUSDT,115318.01
2025-08-01 02:03:05,BTCUSDT,115331.26
2025-08-01 02:03:15,BTCUSDT,115300.57
2025-08-01 02:03:25,BTCUSDT,115300.57
2025-08-01 02:03:35,BTCUSDT,115281.01
2025-08-01 02:03:46,BTCUSDT,115265.87
2025-08-01 02:03:56,BTCUSDT,115294.45
2025-08-01 02:04:06,BTCUSDT,115289.23
2025-08-01 02:04:16,BTCUSDT,115289.24
2025-08-01 02:04:27,BTCUSDT,115283.99
2025-08-01 02:04:37,BTCUSDT,115265.88
2025-08-01 02:04:47,BTCUSDT,115242.05
2025-08-01 02:04:57,BTCUSDT,115221.07
2025-08-01 02:05:07,BTCUSDT,115242.37
2025-08-01 02:05:18,BTCUSDT,115273.33
2025-08-01 02:05:28,BTCUSDT,115256.47
2025-08-01 02:05:38,BTCUSDT,115284.00
2025-08-01 02:05:48,BTCUSDT,115260.27
2025-08-01 02:05:59,BTCUSDT,115291.17
2025-08-01 02:06:09,BTCUSDT,115358.83
2025-08-01 02:06:19,BTCUSDT,115358.83
2025-08-01 02:06:29,BTCUSDT,115359.53
2025-08-01 02:06:39,BTCUSDT,115358.84
2025-08-01 02:06:50,BTCUSDT,115336.08
2025-08-01 02:07:00,BTCUSDT,115385.80
2025-08-01 02:07:10,BTCUSDT,115404.48
2025-08-01 02:07:20,BTCUSDT,115389.56
2025-08-01 02:07:31,BTCUSDT,115395.94
2025-08-01 02:07:41,BTCUSDT,115407.50
2025-08-01 02:07:51,BTCUSDT,115417.34
2025-08-01 02:08:01,BTCUSDT,115423.53
2025-08-01 02:08:11,BTCUSDT,115416.00
2025-08-01 02:08:22,BTCUSDT,115416.00
2025-08-01 02:08:32,BTCUSDT,115416.01
2025-08-01 02:08:42,BTCUSDT,115416.01
2025-08-01 02:08:52,BTCUSDT,115433.36
2025-08-01 02:09:03,BTCUSDT,115416.02
2025-08-01 02:09:13,BTCUSDT,115416.02
2025-08-01 02:09:23,BTCUSDT,115416.02
2025-08-01 02:09:33,BTCUSDT,115416.01
2025-08-01 02:09:43,BTCUSDT,115367.44
2025-08-01 02:09:54,BTCUSDT,115324.89
2025-08-01 02:10:04,BTCUSDT,115355.75
2025-08-01 02:10:14,BTCUSDT,115341.99
2025-08-01 02:10:24,BTCUSDT,115387.76
2025-08-01 02:10:35,BTCUSDT,115389.83
2025-08-01 02:10:45,BTCUSDT,115428.86
2025-08-01 02:10:55,BTCUSDT,115407.96
2025-08-01 02:11:05,BTCUSDT,115428.86
2025-08-01 02:11:15,BTCUSDT,115474.17
2025-08-01 02:11:26,BTCUSDT,115510.70
2025-08-01 02:11:36,BTCUSDT,115525.46
2025-08-01 02:11:46,BTCUSDT,115530.86
2025-08-01 02:11:56,BTCUSDT,115558.37
2025-08-01 02:12:07,BTCUSDT,115545.46
2025-08-01 02:12:17,BTCUSDT,115542.02
2025-08-01 02:12:27,BTCUSDT,115519.31
2025-08-01 02:12:37,BTCUSDT,115519.31
2025-08-01 02:12:47,BTCUSDT,115540.00
2025-08-01 02:12:58,BTCUSDT,115511.03
2025-08-01 02:13:08,BTCUSDT,115544.67
2025-08-01 02:13:18,BTCUSDT,115565.00
2025-08-01 02:13:28,BTCUSDT,115579.79
2025-08-01 02:13:39,BTCUSDT,115579.79
2025-08-01 02:13:49,BTCUSDT,115579.78
2025-08-01 02:13:59,BTCUSDT,115579.79
2025-08-01 02:14:09,BTCUSDT,115579.79
2025-08-01 02:14:19,BTCUSDT,115579.78
2025-08-01 02:14:30,BTCUSDT,115579.79
2025-08-01 02:14:40,BTCUSDT,115597.36
2025-08-01 02:14:50,BTCUSDT,115600.00
2025-08-01 02:15:00,BTCUSDT,115568.02
2025-08-01 02:15:11,BTCUSDT,115562.45
2025-08-01 02:15:21,BTCUSDT,115560.01
2025-08-01 02:15:31,BTCUSDT,115560.00
2025-08-01 02:15:41,BTCUSDT,115560.16
2025-08-01 02:15:51,BTCUSDT,115526.50
2025-08-01 02:16:02,BTCUSDT,115540.49
2025-08-01 02:16:12,BTCUSDT,115544.44
2025-08-01 02:16:22,BTCUSDT,115572.01
2025-08-01 02:16:32,BTCUSDT,115566.01
2025-08-01 02:16:43,BTCUSDT,115552.01
2025-08-01 02:16:53,BTCUSDT,115547.55
2025-08-01 02:17:03,BTCUSDT,115547.55
2025-08-01 02:17:13,BTCUSDT,115556.00
2025-08-01 02:17:23,BTCUSDT,115593.31
2025-08-01 02:17:34,BTCUSDT,115593.31
2025-08-01 02:17:44,BTCUSDT,115604.56
2025-08-01 02:17:54,BTCUSDT,115610.00
2025-08-01 02:18:04,BTCUSDT,115598.22
2025-08-01 02:18:15,BTCUSDT,115609.76
2025-08-01 02:18:25,BTCUSDT,115627.40
2025-08-01 02:18:35,BTCUSDT,115627.41
2025-08-01 02:18:45,BTCUSDT,115639.09
2025-08-01 02:18:56,BTCUSDT,115660.39
2025-08-01 02:19:06,BTCUSDT,115669.63
2025-08-01 02:19:16,BTCUSDT,115669.63
2025-08-01 02:19:26,BTCUSDT,115660.39
2025-08-01 02:19:36,BTCUSDT,115660.40
2025-08-01 02:19:47,BTCUSDT,115669.63
2025-08-01 02:19:57,BTCUSDT,115699.99
2025-08-01 02:20:07,BTCUSDT,115692.45
2025-08-01 02:20:17,BTCUSDT,115669.63
2025-08-01 02:20:28,BTCUSDT,115685.99
2025-08-01 02:20:38,BTCUSDT,115715.74
2025-08-01 02:20:48,BTCUSDT,115729.34
2025-08-01 02:20:58,BTCUSDT,115748.21
2025-08-01 02:21:08,BTCUSDT,115748.21
2025-08-01 02:21:19,BTCUSDT,115732.95
2025-08-01 02:21:29,BTCUSDT,115732.95
2025-08-01 02:21:39,BTCUSDT,115733.90
2025-08-01 02:21:49,BTCUSDT,115732.86
2025-08-01 02:22:00,BTCUSDT,115708.16
2025-08-01 02:22:10,BTCUSDT,115683.22
2025-08-01 02:22:20,BTCUSDT,115683.23
2025-08-01 02:22:30,BTCUSDT,115671.36
2025-08-01 02:22:40,BTCUSDT,115671.36
2025-08-01 02:22:51,BTCUSDT,115708.16
2025-08-01 02:23:01,BTCUSDT,115732.85
2025-08-01 02:23:11,BTCUSDT,115733.90
2025-08-01 02:23:21,BTCUSDT,115743.18
2025-08-01 02:23:32,BTCUSDT,115743.19
2025-08-01 02:23:42,BTCUSDT,115745.82
2025-08-01 02:23:52,BTCUSDT,115761.69
2025-08-01 02:24:02,BTCUSDT,115775.00
2025-08-01 02:24:12,BTCUSDT,115778.71
2025-08-01 02:24:23,BTCUSDT,115797.88
2025-08-01 02:24:33,BTCUSDT,115810.70
2025-08-01 02:24:43,BTCUSDT,115800.01
2025-08-01 02:24:53,BTCUSDT,115800.01
2025-08-01 02:25:04,BTCUSDT,115802.11
2025-08-01 02:25:14,BTCUSDT,115754.24
2025-08-01 02:25:24,BTCUSDT,115721.11
2025-08-01 02:25:34,BTCUSDT,115721.12
2025-08-01 02:25:44,BTCUSDT,115721.12
2025-08-01 02:25:55,BTCUSDT,115719.64
2025-08-01 02:26:05,BTCUSDT,115733.66
2025-08-01 02:26:15,BTCUSDT,115698.84
2025-08-01 02:26:25,BTCUSDT,115695.53
2025-08-01 02:26:36,BTCUSDT,115695.53
2025-08-01 02:26:46,BTCUSDT,115695.52
2025-08-01 02:26:56,BTCUSDT,115695.52
2025-08-01 02:27:06,BTCUSDT,115727.77
2025-08-01 02:27:16,BTCUSDT,115709.19
2025-08-01 02:27:27,BTCUSDT,115695.54
2025-08-01 02:27:37,BTCUSDT,115665.61
2025-08-01 02:27:47,BTCUSDT,115675.99
2025-08-01 02:27:57,BTCUSDT,115660.41
2025-08-01 02:28:08,BTCUSDT,115639.91
2025-08-01 02:28:18,BTCUSDT,115639.91
2025-08-01 02:28:28,BTCUSDT,115627.41
2025-08-01 02:28:38,BTCUSDT,115627.41
2025-08-01 02:28:48,BTCUSDT,115627.41
2025-08-01 02:28:59,BTCUSDT,115593.32
2025-08-01 02:29:09,BTCUSDT,115591.50
2025-08-01 02:29:19,BTCUSDT,115587.79
2025-08-01 02:29:29,BTCUSDT,115607.99
2025-08-01 02:29:40,BTCUSDT,115615.13
2025-08-01 02:29:50,BTCUSDT,115615.12
2025-08-01 02:30:00,BTCUSDT,115639.99
2025-08-01 02:30:10,BTCUSDT,115634.67
2025-08-01 02:30:20,BTCUSDT,115593.31
2025-08-01 02:30:31,BTCUSDT,115606.28
2025-08-01 02:30:41,BTCUSDT,115615.98
2025-08-01 02:30:51,BTCUSDT,115615.30
2025-08-01 02:31:01,BTCUSDT,115609.35
2025-08-01 02:31:12,BTCUSDT,115587.80
2025-08-01 02:31:22,BTCUSDT,115625.16
2025-08-01 02:31:32,BTCUSDT,115616.05
2025-08-01 02:31:42,BTCUSDT,115572.54
2025-08-01 02:31:52,BTCUSDT,115608.58
2025-08-01 02:44:02,BTCUSDT,115934.02
2025-08-01 02:44:13,BTCUSDT,115912.36
2025-08-01 02:44:23,BTCUSDT,115906.56
2025-08-01 02:44:33,BTCUSDT,115901.19
2025-08-01 02:44:43,BTCUSDT,115901.20
2025-08-01 02:44:54,BTCUSDT,115900.46
2025-08-01 02:45:04,BTCUSDT,115861.46
2025-08-01 02:45:14,BTCUSDT,115850.19
2025-08-01 02:45:24,BTCUSDT,115863.14
2025-08-01 02:45:35,BTCUSDT,115889.41
2025-08-01 02:45:45,BTCUSDT,115907.67
2025-08-01 02:45:55,BTCUSDT,115908.07
2025-08-01 02:46:05,BTCUSDT,115935.02
2025-08-01 02:46:15,BTCUSDT,115949.99
2025-08-01 02:46:26,BTCUSDT,115962.73
2025-08-01 02:46:36,BTCUSDT,115975.99
2025-08-01 02:46:46,BTCUSDT,115963.45
2025-08-01 02:46:56,BTCUSDT,115994.19
2025-08-01 02:47:07,BTCUSDT,115978.18
2025-08-01 02:47:17,BTCUSDT,115994.20
2025-08-01 02:47:27,BTCUSDT,115994.27
2025-08-01 02:47:37,BTCUSDT,116019.05
2025-08-01 02:47:47,BTCUSDT,116019.05
2025-08-01 02:47:58,BTCUSDT,115994.85
2025-08-01 02:48:08,BTCUSDT,115977.40
2025-08-01 02:48:18,BTCUSDT,115951.00
2025-08-01 02:48:28,BTCUSDT,115950.99
2025-08-01 02:48:39,BTCUSDT,115944.07
2025-08-01 02:48:49,BTCUSDT,115947.34
2025-08-01 02:48:59,BTCUSDT,115945.34
2025-08-01 02:49:09,BTCUSDT,115935.03
2025-08-01 02:49:20,BTCUSDT,115969.57
2025-08-01 02:49:30,BTCUSDT,115969.56
2025-08-01 02:49:40,BTCUSDT,115964.01
2025-08-01 02:49:51,BTCUSDT,115955.68
2025-08-01 02:50:01,BTCUSDT,115945.29
2025-08-01 02:50:11,BTCUSDT,115953.58
2025-08-01 02:50:21,BTCUSDT,115935.03
2025-08-01 02:50:31,BTCUSDT,115935.02
2025-08-01 02:50:42,BTCUSDT,115919.53
2025-08-01 02:50:52,BTCUSDT,115904.12
2025-08-01 02:51:02,BTCUSDT,115939.80
2025-08-01 02:51:12,BTCUSDT,115950.40
2025-08-01 02:51:23,BTCUSDT,115955.93
2025-08-01 02:51:33,BTCUSDT,115955.94
2025-08-01 02:51:43,BTCUSDT,115955.94
2025-08-01 02:51:53,BTCUSDT,115968.04
2025-08-01 02:52:04,BTCUSDT,115979.37
2025-08-01 02:52:14,BTCUSDT,115979.36
2025-08-01 02:52:24,BTCUSDT,115979.37
2025-08-01 02:52:34,BTCUSDT,115980.00
2025-08-01 02:52:44,BTCUSDT,115990.35
2025-08-01 02:52:55,BTCUSDT,115990.36
2025-08-01 02:53:05,BTCUSDT,115990.36
2025-08-01 02:53:15,BTCUSDT,115979.37
2025-08-01 02:53:25,BTCUSDT,115969.21
2025-08-01 02:53:36,BTCUSDT,115969.21
2025-08-01 02:53:46,BTCUSDT,115969.21
2025-08-01 02:53:56,BTCUSDT,115969.21
2025-08-01 02:54:06,BTCUSDT,115984.00
2025-08-01 02:54:17,BTCUSDT,115989.99
2025-08-01 02:54:27,BTCUSDT,115990.36
2025-08-01 02:54:37,BTCUSDT,115990.36
2025-08-01 02:54:48,BTCUSDT,115990.36
2025-08-01 02:54:58,BTCUSDT,115990.36
2025-08-01 02:55:08,BTCUSDT,115983.99
2025-08-01 02:55:18,BTCUSDT,115970.73
2025-08-01 02:55:29,BTCUSDT,115970.74
2025-08-01 02:55:39,BTCUSDT,115984.00
2025-08-01 02:55:49,BTCUSDT,115984.00
2025-08-01 02:55:59,BTCUSDT,115984.00
2025-08-01 02:56:09,BTCUSDT,115984.00
2025-08-01 02:56:20,BTCUSDT,115971.35
2025-08-01 02:56:30,BTCUSDT,115983.69
2025-08-01 02:56:40,BTCUSDT,115971.34
2025-08-01 02:56:50,BTCUSDT,115970.74
2025-08-01 02:57:01,BTCUSDT,115965.99
2025-08-01 02:57:11,BTCUSDT,115979.21
2025-08-01 02:57:21,BTCUSDT,115980.00
2025-08-01 02:57:31,BTCUSDT,115980.00
2025-08-01 02:57:41,BTCUSDT,115995.55
2025-08-01 02:57:52,BTCUSDT,115995.55
2025-08-01 02:58:02,BTCUSDT,115995.54
2025-08-01 02:58:12,BTCUSDT,115995.54
2025-08-01 02:58:22,BTCUSDT,115984.81
2025-08-01 02:58:33,BTCUSDT,115946.32
2025-08-01 02:58:43,BTCUSDT,115935.57
2025-08-01 02:58:53,BTCUSDT,115935.56
2025-08-01 02:59:03,BTCUSDT,115935.57
2025-08-01 02:59:14,BTCUSDT,115935.57
2025-08-01 02:59:24,BTCUSDT,115957.42
2025-08-01 02:59:34,BTCUSDT,115957.41
2025-08-01 02:59:44,BTCUSDT,115957.42
2025-08-01 02:59:54,BTCUSDT,115957.42
2025-08-01 03:00:05,BTCUSDT,115985.97
2025-08-01 03:00:15,BTCUSDT,115964.91
2025-08-01 03:00:25,BTCUSDT,115970.11
2025-08-01 03:00:35,BTCUSDT,115972.01
2025-08-01 03:00:46,BTCUSDT,115979.99
2025-08-01 03:00:56,BTCUSDT,115979.99
2025-08-01 03:01:06,BTCUSDT,115990.14
2025-08-01 03:01:16,BTCUSDT,115990.15
2025-08-01 03:01:26,BTCUSDT,115976.00
2025-08-01 03:01:37,BTCUSDT,115950.02
2025-08-01 03:01:47,BTCUSDT,115950.01
2025-08-01 03:01:57,BTCUSDT,115955.15
2025-08-01 03:02:07,BTCUSDT,115919.53
2025-08-01 03:02:18,BTCUSDT,115901.76
2025-08-01 03:02:28,BTCUSDT,115888.00
2025-08-01 03:02:38,BTCUSDT,115853.82
2025-08-01 03:02:48,BTCUSDT,115828.71
2025-08-01 03:02:59,BTCUSDT,115818.27
2025-08-01 03:03:09,BTCUSDT,115836.47
2025-08-01 03:03:19,BTCUSDT,115819.59
2025-08-01 03:03:29,BTCUSDT,115819.59
2025-08-01 03:03:39,BTCUSDT,115837.00
2025-08-01 03:03:50,BTCUSDT,115837.00
2025-08-01 03:04:00,BTCUSDT,115837.00
2025-08-01 03:04:10,BTCUSDT,115837.00
2025-08-01 03:04:20,BTCUSDT,115836.99
2025-08-01 03:04:31,BTCUSDT,115829.09
2025-08-01 03:04:41,BTCUSDT,115836.99
2025-08-01 03:04:51,BTCUSDT,115829.09
2025-08-01 03:05:01,BTCUSDT,115829.06
2025-08-01 03:05:12,BTCUSDT,115829.07
2025-08-01 03:05:22,BTCUSDT,115829.07
2025-08-01 03:05:32,BTCUSDT,115812.92
2025-08-01 03:05:43,BTCUSDT,115812.91
2025-08-01 03:05:53,BTCUSDT,115799.45
2025-08-01 03:06:03,BTCUSDT,115843.79
2025-08-01 03:06:13,BTCUSDT,115843.79
2025-08-01 03:06:23,BTCUSDT,115852.45
2025-08-01 03:06:34,BTCUSDT,115861.80
2025-08-01 03:06:44,BTCUSDT,115855.03
2025-08-01 03:06:55,BTCUSDT,115855.03
2025-08-01 03:07:05,BTCUSDT,115911.26
2025-08-01 03:07:15,BTCUSDT,115884.06
2025-08-01 03:07:25,BTCUSDT,115884.07
2025-08-01 03:07:35,BTCUSDT,115884.07
2025-08-01 03:07:46,BTCUSDT,115886.00
2025-08-01 03:07:56,BTCUSDT,115884.07
2025-08-01 03:08:06,BTCUSDT,115859.61
2025-08-01 03:08:16,BTCUSDT,115874.09
2025-08-01 03:08:27,BTCUSDT,115864.01
2025-08-01 03:08:37,BTCUSDT,115878.89
2025-08-01 03:08:47,BTCUSDT,115900.00
2025-08-01 03:08:57,BTCUSDT,115891.70
2025-08-01 03:09:07,BTCUSDT,115882.41
2025-08-01 03:09:18,BTCUSDT,115882.41
2025-08-01 03:09:28,BTCUSDT,115891.14
2025-08-01 03:09:39,BTCUSDT,115896.96
2025-08-01 03:09:49,BTCUSDT,115882.43
2025-08-01 03:09:59,BTCUSDT,115855.49
2025-08-01 03:10:09,BTCUSDT,115859.16
2025-08-01 03:10:19,BTCUSDT,115855.51
2025-08-01 03:10:30,BTCUSDT,115855.51
2025-08-01 03:10:40,BTCUSDT,115840.01
2025-08-01 03:10:50,BTCUSDT,115820.52
2025-08-01 03:11:00,BTCUSDT,115800.19
2025-08-01 03:11:11,BTCUSDT,115800.19
2025-08-01 03:11:21,BTCUSDT,115796.03
2025-08-01 03:11:31,BTCUSDT,115813.99
2025-08-01 03:11:41,BTCUSDT,115800.31
2025-08-01 03:11:51,BTCUSDT,115794.15
2025-08-01 03:12:02,BTCUSDT,115800.30
2025-08-01 03:12:12,BTCUSDT,115800.31
2025-08-01 03:12:22,BTCUSDT,115800.30
2025-08-01 03:12:32,BTCUSDT,115809.99
2025-08-01 03:12:43,BTCUSDT,115826.89
2025-08-01 03:12:53,BTCUSDT,115826.89
2025-08-01 03:13:03,BTCUSDT,115826.90
2025-08-01 03:13:13,BTCUSDT,115826.89
2025-08-01 03:13:24,BTCUSDT,115826.90
2025-08-01 03:13:34,BTCUSDT,115826.90
2025-08-01 03:13:44,BTCUSDT,115816.00
2025-08-01 03:13:54,BTCUSDT,115816.00
2025-08-01 03:14:04,BTCUSDT,115816.00
2025-08-01 03:14:15,BTCUSDT,115815.99
2025-08-01 03:14:25,BTCUSDT,115816.00
2025-08-01 03:14:35,BTCUSDT,115816.00
2025-08-01 03:14:45,BTCUSDT,115816.01
2025-08-01 03:14:56,BTCUSDT,115816.01
2025-08-01 03:15:06,BTCUSDT,115834.86
2025-08-01 03:15:16,BTCUSDT,115834.85
2025-08-01 03:15:26,BTCUSDT,115834.86
2025-08-01 03:15:36,BTCUSDT,115834.86
2025-08-01 03:15:47,BTCUSDT,115860.00
2025-08-01 03:15:57,BTCUSDT,115854.01
2025-08-01 03:16:07,BTCUSDT,115854.01
2025-08-01 03:16:17,BTCUSDT,115848.23
2025-08-01 03:16:28,BTCUSDT,115848.23
2025-08-01 03:16:38,BTCUSDT,115851.10
2025-08-01 03:16:48,BTCUSDT,115851.10
2025-08-01 03:16:58,BTCUSDT,115851.09
2025-08-01 03:17:09,BTCUSDT,115850.75
2025-08-01 03:17:19,BTCUSDT,115850.76
2025-08-01 03:17:29,BTCUSDT,115850.75
2025-08-01 03:17:39,BTCUSDT,115850.76
2025-08-01 03:17:49,BTCUSDT,115882.18
2025-08-01 03:18:00,BTCUSDT,115910.99
2025-08-01 03:18:10,BTCUSDT,115939.00
2025-08-01 03:18:20,BTCUSDT,115924.23
2025-08-01 03:18:30,BTCUSDT,115903.14
2025-08-01 03:18:41,BTCUSDT,115903.14
2025-08-01 03:18:51,BTCUSDT,115892.56
2025-08-01 03:19:01,BTCUSDT,115868.99
2025-08-01 03:19:11,BTCUSDT,115880.00
2025-08-01 03:19:21,BTCUSDT,115903.10
2025-08-01 03:19:32,BTCUSDT,115903.09
2025-08-01 03:19:42,BTCUSDT,115907.68
2025-08-01 03:19:52,BTCUSDT,115907.68
2025-08-01 03:20:02,BTCUSDT,115936.26
2025-08-01 03:20:13,BTCUSDT,115936.25
2025-08-01 03:20:23,BTCUSDT,115958.76
2025-08-01 03:20:33,BTCUSDT,115958.77
2025-08-01 03:20:43,BTCUSDT,115964.00
2025-08-01 03:20:53,BTCUSDT,115972.50
2025-08-01 03:21:04,BTCUSDT,115951.18
2025-08-01 03:21:14,BTCUSDT,115962.78
2025-08-01 03:21:25,BTCUSDT,115962.78
2025-08-01 03:21:35,BTCUSDT,115986.14
2025-08-01 03:21:45,BTCUSDT,115986.13
2025-08-01 03:21:55,BTCUSDT,115986.14
2025-08-01 03:22:05,BTCUSDT,115994.19
2025-08-01 03:22:16,BTCUSDT,115996.00
2025-08-01 03:22:26,BTCUSDT,115996.00
2025-08-01 03:22:36,BTCUSDT,115996.00
2025-08-01 03:22:46,BTCUSDT,115996.00
2025-08-01 03:22:57,BTCUSDT,116000.99
2025-08-01 03:23:07,BTCUSDT,116021.48
2025-08-01 03:23:17,BTCUSDT,116021.49
2025-08-01 03:23:27,BTCUSDT,116021.49
2025-08-01 03:23:37,BTCUSDT,116021.48
2025-08-01 03:23:48,BTCUSDT,116046.00
2025-08-01 03:23:58,BTCUSDT,116049.00
2025-08-01 03:24:08,BTCUSDT,116051.99
2025-08-01 03:24:19,BTCUSDT,116052.00
2025-08-01 03:24:29,BTCUSDT,116052.00
2025-08-01 03:24:40,BTCUSDT,116039.01
2025-08-01 03:24:50,BTCUSDT,116000.01
2025-08-01 03:25:00,BTCUSDT,115986.13
2025-08-01 03:25:10,BTCUSDT,115986.13
2025-08-01 03:25:21,BTCUSDT,115986.14
2025-08-01 03:25:31,BTCUSDT,115995.99
2025-08-01 03:25:41,BTCUSDT,115996.00
2025-08-01 03:25:51,BTCUSDT,115945.03
2025-08-01 03:26:01,BTCUSDT,115955.88
2025-08-01 03:26:12,BTCUSDT,115989.42
2025-08-01 03:26:22,BTCUSDT,115989.41
2025-08-01 03:26:32,BTCUSDT,116017.79
2025-08-01 03:26:42,BTCUSDT,116017.80
2025-08-01 03:26:53,BTCUSDT,116031.52
2025-08-01 03:27:03,BTCUSDT,116008.70
2025-08-01 03:27:13,BTCUSDT,116042.78
2025-08-01 03:27:23,BTCUSDT,116028.00
2025-08-01 03:27:34,BTCUSDT,116027.99
2025-08-01 03:27:44,BTCUSDT,116028.00
2025-08-01 03:27:54,BTCUSDT,116027.99
2025-08-01 03:28:05,BTCUSDT,116028.00
2025-08-01 03:28:15,BTCUSDT,116028.00
2025-08-01 03:28:25,BTCUSDT,116027.99
2025-08-01 03:28:35,BTCUSDT,116019.99
2025-08-01 03:28:45,BTCUSDT,116041.80
2025-08-01 03:28:56,BTCUSDT,116051.99
2025-08-01 03:29:06,BTCUSDT,116052.00
2025-08-01 03:29:16,BTCUSDT,116052.00
2025-08-01 03:29:26,BTCUSDT,116052.00
2025-08-01 03:29:37,BTCUSDT,116036.71
2025-08-01 03:29:47,BTCUSDT,116036.70
2025-08-01 03:29:57,BTCUSDT,116036.71
2025-08-01 03:30:07,BTCUSDT,116020.39
2025-08-01 03:30:18,BTCUSDT,116005.23
2025-08-01 03:30:28,BTCUSDT,115995.30
2025-08-01 03:30:38,BTCUSDT,116005.22
2025-08-01 03:30:49,BTCUSDT,116014.00
2025-08-01 03:30:59,BTCUSDT,116035.61
2025-08-01 03:31:09,BTCUSDT,116035.61
2025-08-01 03:31:20,BTCUSDT,116005.57
2025-08-01 03:31:30,BTCUSDT,116005.57
2025-08-01 03:31:40,BTCUSDT,116005.57
2025-08-11 16:30:08,BTCUSDT,120540.92
2025-08-11 16:30:18,BTCUSDT,120555.27
2025-08-11 16:30:28,BTCUSDT,120555.99
2025-08-11 16:30:39,BTCUSDT,120555.99
2025-08-11 16:30:49,BTCUSDT,120555.99
2025-08-11 16:30:59,BTCUSDT,120550.00
2025-08-11 16:31:09,BTCUSDT,120556.00
2025-08-11 16:31:20,BTCUSDT,120562.15
2025-08-11 16:31:30,BTCUSDT,120569.85
2025-08-11 16:31:40,BTCUSDT,120578.23
2025-08-11 16:31:50,BTCUSDT,120578.23
2025-08-11 16:32:01,BTCUSDT,120599.89
2025-08-11 16:32:11,BTCUSDT,120594.00
2025-08-11 16:32:21,BTCUSDT,120578.25
2025-08-11 16:32:31,BTCUSDT,120576.07
2025-08-11 16:32:42,BTCUSDT,120587.99
2025-08-11 16:32:52,BTCUSDT,120587.99
2025-08-11 16:33:02,BTCUSDT,120578.24
2025-08-11 16:33:12,BTCUSDT,120554.14
2025-08-11 16:33:23,BTCUSDT,120563.99
2025-08-11 16:33:33,BTCUSDT,120574.57
2025-08-11 16:33:43,BTCUSDT,120563.99
2025-08-11 16:33:53,BTCUSDT,120550.00
2025-08-11 16:34:04,BTCUSDT,120525.68
2025-08-11 16:34:14,BTCUSDT,120497.93
2025-08-11 16:34:24,BTCUSDT,120470.10
2025-08-11 16:34:34,BTCUSDT,120466.00
2025-08-11 16:34:45,BTCUSDT,120447.72
2025-08-11 16:34:55,BTCUSDT,120442.01
2025-08-11 16:35:05,BTCUSDT,120459.99
2025-08-11 16:35:15,BTCUSDT,120470.11
2025-08-11 16:35:26,BTCUSDT,120463.72
2025-08-11 16:35:36,BTCUSDT,120480.00
2025-08-11 16:35:46,BTCUSDT,120499.30
2025-08-11 16:35:56,BTCUSDT,120482.15
2025-08-11 16:36:07,BTCUSDT,120497.99
2025-08-11 16:36:17,BTCUSDT,120497.99
2025-08-11 16:36:27,BTCUSDT,120497.99
2025-08-11 16:36:37,BTCUSDT,120488.02
2025-08-11 16:36:48,BTCUSDT,120463.73
2025-08-11 16:36:58,BTCUSDT,120445.58
2025-08-11 16:37:08,BTCUSDT,120445.59
2025-08-11 16:37:18,BTCUSDT,120473.80
2025-08-11 16:37:29,BTCUSDT,120473.81
2025-08-11 16:37:39,BTCUSDT,120473.80
2025-08-11 16:37:49,BTCUSDT,120473.81
2025-08-11 16:37:59,BTCUSDT,120444.30
2025-08-11 16:38:10,BTCUSDT,120410.54
2025-08-11 16:38:20,BTCUSDT,120401.12
2025-08-11 16:38:30,BTCUSDT,120401.12
2025-08-11 16:38:40,BTCUSDT,120382.03
2025-08-11 16:38:51,BTCUSDT,120367.63
2025-08-11 16:39:01,BTCUSDT,120313.76
2025-08-11 16:39:11,BTCUSDT,120287.89
2025-08-11 16:39:21,BTCUSDT,120288.00
2025-08-11 16:39:32,BTCUSDT,120275.09
2025-08-11 16:39:42,BTCUSDT,120274.00
2025-08-11 16:39:52,BTCUSDT,120289.84
2025-08-11 16:40:03,BTCUSDT,120269.53
2025-08-11 16:40:13,BTCUSDT,120232.60
2025-08-11 16:40:23,BTCUSDT,120144.70
2025-08-11 16:40:33,BTCUSDT,120132.23
2025-08-11 16:40:44,BTCUSDT,120067.49
2025-08-11 16:40:54,BTCUSDT,120047.57
2025-08-11 16:41:04,BTCUSDT,120016.75
2025-08-11 16:41:14,BTCUSDT,119984.01
2025-08-11 16:41:25,BTCUSDT,120013.98
2025-08-11 16:41:35,BTCUSDT,119996.06
2025-08-11 16:41:45,BTCUSDT,120016.16
2025-08-11 16:41:55,BTCUSDT,120004.81
2025-08-11 16:42:06,BTCUSDT,120004.81
2025-08-11 16:42:16,BTCUSDT,120035.99
2025-08-11 16:42:26,BTCUSDT,120046.87
2025-08-11 16:42:36,BTCUSDT,120046.88
2025-08-11 16:42:47,BTCUSDT,120080.36
2025-08-11 16:42:57,BTCUSDT,120083.99
2025-08-11 16:43:07,BTCUSDT,120123.53
2025-08-11 16:43:17,BTCUSDT,120114.31
2025-08-11 16:43:28,BTCUSDT,120150.01
2025-08-11 16:43:38,BTCUSDT,120124.69
2025-08-11 16:43:48,BTCUSDT,120129.30
2025-08-11 16:43:58,BTCUSDT,120024.13
2025-08-11 16:44:09,BTCUSDT,120030.00
2025-08-11 16:44:19,BTCUSDT,120041.05
2025-08-11 16:44:29,BTCUSDT,120030.20
2025-08-11 16:44:40,BTCUSDT,119976.59
2025-08-11 16:44:50,BTCUSDT,119950.01
2025-08-11 16:45:00,BTCUSDT,119950.01
2025-08-11 16:45:10,BTCUSDT,119965.97
2025-08-11 16:45:21,BTCUSDT,119924.98
2025-08-11 16:45:31,BTCUSDT,119948.00
2025-08-11 16:45:41,BTCUSDT,119970.01
2025-08-11 16:45:51,BTCUSDT,119951.07
2025-08-11 16:46:02,BTCUSDT,119975.21
2025-08-11 16:46:12,BTCUSDT,120020.60
2025-08-11 16:46:22,BTCUSDT,120028.00
2025-08-11 16:46:32,BTCUSDT,120027.99
2025-08-11 16:46:43,BTCUSDT,120080.35
2025-08-11 16:46:53,BTCUSDT,120103.65
2025-08-11 16:47:03,BTCUSDT,120139.71
2025-08-11 16:47:14,BTCUSDT,120146.71
2025-08-11 16:47:24,BTCUSDT,120138.97
2025-08-11 16:47:34,BTCUSDT,120150.95
2025-08-11 16:47:44,BTCUSDT,120143.57
2025-08-11 16:47:55,BTCUSDT,120171.48
2025-08-11 16:48:05,BTCUSDT,120118.00
2025-08-11 16:48:15,BTCUSDT,120118.00
2025-08-11 16:48:25,BTCUSDT,120121.30
2025-08-11 16:48:36,BTCUSDT,120105.86
2025-08-11 16:48:46,BTCUSDT,120125.00
2025-08-11 16:48:56,BTCUSDT,120112.79
2025-08-11 16:49:06,BTCUSDT,120109.31
2025-08-11 16:49:17,BTCUSDT,120090.14
2025-08-11 16:49:27,BTCUSDT,120072.41
2025-08-11 16:49:37,BTCUSDT,120057.92
2025-08-11 16:49:48,BTCUSDT,120039.02
2025-08-11 16:49:58,BTCUSDT,120053.30
2025-08-11 16:50:08,BTCUSDT,120068.02
2025-08-11 16:50:18,BTCUSDT,120077.99
2025-08-11 16:50:29,BTCUSDT,120093.69
2025-08-11 16:50:39,BTCUSDT,120093.69
2025-08-11 16:50:49,BTCUSDT,120093.69
2025-08-11 16:50:59,BTCUSDT,120090.14
2025-08-11 16:51:10,BTCUSDT,120138.42
2025-08-11 16:51:20,BTCUSDT,120138.43
2025-08-11 16:51:30,BTCUSDT,120152.00
2025-08-11 16:51:40,BTCUSDT,120129.71
2025-08-11 16:51:51,BTCUSDT,120129.70
2025-08-11 16:52:01,BTCUSDT,120165.74
2025-08-11 16:52:11,BTCUSDT,120160.68
2025-08-11 16:52:22,BTCUSDT,120152.20
2025-08-11 16:52:32,BTCUSDT,120137.38
2025-08-11 16:52:42,BTCUSDT,120151.99
2025-08-11 16:52:52,BTCUSDT,120149.41
2025-08-11 16:53:02,BTCUSDT,120139.30
2025-08-11 16:53:13,BTCUSDT,120139.31
2025-08-11 16:53:23,BTCUSDT,120139.31
2025-08-11 16:53:33,BTCUSDT,120098.39
2025-08-11 16:53:44,BTCUSDT,120092.90
2025-08-11 16:53:54,BTCUSDT,120071.33
2025-08-11 16:54:04,BTCUSDT,120064.03
2025-08-11 16:54:14,BTCUSDT,120069.79
2025-08-11 16:54:25,BTCUSDT,120065.99
